Designator,Footprint,Quantity,Value,LCSC Part #
C25,1206,1,10u/50V,
"C31, C32",1206,2,22u/35V,
"C83, C84",0402,2,12p,
DF2,DF56C-26S-0.3V(51),1,DF56C-26S-0.3V(51),
J4,JST_SH_SM04B-SRSS-TB_1x04-1MP_P1.00mm_Horizontal,1,Conn_01x04_MountingPin,
J6,JST_SH_SM06B-SRSS-TB_1x06-1MP_P1.00mm_Horizontal,1,Conn_01x06_MountingPin,
J7,JST_SH_SM03B-SRSS-TB_1x03-1MP_P1.00mm_Horizontal,1,Conn_01x03_MountingPin,
J8,JST_SH_SM02B-SRSS-TB_1x02-1MP_P1.00mm_Horizontal,1,Conn_01x02_MountingPin,
"L10, L11, L7",L_Changjiang_FTC252012S,3,2.2uH,
L2,L_Changjiang_FXL0420,1,10uH,
"LED10, LED11, LED12",0402,3,NCD0402G1,
SD2,TF-SMD_HYCW104-TF08-375B,1,TF-027-H300,
U1,SOT-23-5,1,TLV74018PDBVR,
U11,SOIC-8_L5.3-W5.3-P1.27-LS8.0-BL,1,W25Q128JVSIQ,
U13,BL-M8812EU2,1,BL-M8812EU2,
U14,SOT-23-5,1,TMI3411,
U17,SOT-23-5,1,TMI3408F,
U2,QFN128_12.3_12.3,1,SSC338Q,
U3,QFN-8_L3.0-W3.0-P0.65-BL,1,MP9943GQ-Z,
U7,SOT-23-5,1,TMI3113B,
X2,Crystal_SMD_2016-4Pin_2.0x1.6mm,1,24MHz,
