Designator,Mid X,Mid Y,Rotation,Layer
1V1,123.6,-101.35,0.0,top
1V12,121.2,-116.2,0.0,top
1V8,140.575,-109.8,0.0,top
3V3,118.05,-113.45,270.0,top
C141,127.0,-112.875,270.0,top
C142,136.775,-111.675,180.0,top
C143,130.35,-111.525,180.0,top
C144,133.025001,-110.775,0.0,top
C145,132.25,-115.324999,180.0,top
C147,138.05,-110.275,0.0,top
C149,135.475,-102.47,90.0,top
C152,137.355,-102.465001,90.0,top
C153,128.375,-95.2,270.0,top
C154,145.42,-86.85,180.0,top
C155,129.85,-102.475,90.0,top
C156,131.725,-102.47,90.0,top
C157,136.43,-102.465001,90.0,top
C158,130.775,-102.475,90.0,top
C159,118.2,-110.4,270.0,top
C160,129.325,-95.225,270.0,top
C161,128.35,-85.6,0.0,top
C162,122.6,-104.4575,0.0,top
C166,134.55,-102.47,90.0,top
C167,128.475,-98.4,0.0,top
C168,132.275,-85.7,180.0,top
C169,145.425,-90.575,180.0,top
C17,126.75,-103.95,90.0,top
C170,130.45,-85.7,0.0,top
C171,145.425,-100.05,180.0,top
C172,133.625,-102.47,90.0,top
C173,128.35,-86.525,0.0,top
C174,145.425,-87.775,180.0,top
C175,145.45,-93.45,180.0,top
C176,145.425,-85.925,180.0,top
C19,125.175,-114.875,0.0,top
C20,120.8875,-109.750001,180.0,top
C21,122.675,-103.275,0.0,top
C25,138.175,-113.3,0.0,top
C27,128.2,-109.1,0.0,top
C30,130.725,-105.175,270.0,top
C31,127.55,-118.075,270.0,top
C32,125.25,-118.075,270.0,top
C33,117.725,-115.4,0.0,top
C34,138.05,-108.8,0.0,top
C35,122.925,-115.7,270.0,top
C41,124.75,-98.825,0.0,top
C42,126.725,-98.650001,90.0,top
C63,129.425,-107.25,270.0,top
C70,131.940447,-105.08,270.0,top
C71,125.775,-103.97,270.0,top
C72,123.074999,-109.6375,270.0,top
C77,127.025,-101.075,270.0,top
C78,145.425,-96.25,180.0,top
C79,143.575,-86.075,180.0,top
C80,132.65,-102.465,90.0,top
C81,145.425,-97.2,0.0,top
C82,143.05,-102.475,270.0,top
C83,129.975,-84.1,0.0,top
C84,130.8,-82.675,90.0,top
C85,122.925,-92.5,180.0,top
C86,145.439999,-95.317499,0.0,top
C87,128.125,-90.175,0.0,top
C88,136.05,-109.15,90.0,top
DF2,139.775,-82.784999,180.0,top
FB1,128.55,-101.075,90.0,top
FB2,125.525,-101.075,90.0,top
H1,116.675,-82.75,0.0,top
H2,116.675,-118.75,0.0,top
H3,144.675,-118.75,0.0,top
J4,138.325,-117.85,0.0,top
J6,117.875,-104.4,270.0,top
J7,143.925,-106.875,90.0,top
J8,143.905,-113.17,90.0,top
L10,120.6875,-112.200001,90.0,top
L11,138.025,-106.51,270.0,top
L2,131.575,-118.15,180.0,top
L7,123.165001,-106.732501,90.0,top
LED10,116.475,-98.5,0.0,top
LED11,116.0,-109.875,0.0,top
LED12,116.01,-111.775,0.0,top
R10,130.33,-113.4,180.0,top
R100,145.45,-91.525,180.0,top
R12,134.875,-110.775,180.0,top
R14,130.875,-114.849999,270.0,top
R15,124.825001,-103.950001,270.0,top
R21,116.0,-110.825,0.0,top
R22,115.9925,-112.725,0.0,top
R23,124.0,-109.612499,270.0,top
R24,135.125,-109.13,90.0,top
R35,125.899999,-109.6125,270.0,top
R36,128.65,-103.95,270.0,top
R37,134.174999,-109.15,270.0,top
R38,133.225,-109.15,90.0,top
R45,133.025,-82.9,90.0,top
R46,132.075,-82.9,90.0,top
R47,136.525,-85.525,135.0,top
R48,144.95,-102.495,90.0,top
R49,145.45,-92.5,180.0,top
R58,145.445,-89.65,180.0,top
R59,145.445,-88.7,180.0,top
R60,141.15,-102.5,90.0,top
R61,140.21,-102.5,90.0,top
R62,144.0,-102.495,90.0,top
R63,138.3,-102.495,90.0,top
R64,139.255,-102.5,90.0,top
R65,142.1,-102.495,90.0,top
R67,126.95,-110.8,90.0,top
R69,119.35,-99.425,180.0,top
R7,130.33,-112.45,0.0,top
R70,145.45,-98.15,0.0,top
R71,145.45,-99.1,0.0,top
R72,145.459999,-94.392499,180.0,top
R74,117.9,-98.975,90.0,top
R8,124.950001,-109.6125,90.0,top
R9,127.675,-103.950001,90.0,top
SD2,117.6,-91.645,90.0,top
U1,121.225,-118.9,180.0,top
U11,124.325,-85.85,90.0,top
U13,130.673,-100.0405,0.0,bottom
U14,126.9,-106.65,180.0,top
U17,134.475,-106.472499,0.0,top
U2,137.125,-93.8,0.0,top
U3,133.6,-113.074999,0.0,top
U7,124.35,-112.25,180.0,top
X2,128.825,-82.325,180.0,top
